archivo,min_ts,max_ts,eventos,rango_dias
events_part_0000,2025-07-03 00:08:00,2025-08-31 16:32:00,360,59.7
events_part_0001,2025-07-03 02:38:00,2025-08-31 23:51:00,360,59.9
events_part_0002,2025-07-03 14:16:00,2025-08-31 20:47:00,360,59.3
events_part_0003,2025-07-03 00:48:00,2025-08-31 23:51:00,360,60.0
events_part_0004,2025-07-03 10:43:00,2025-08-31 20:40:00,360,59.4
events_part_0005,2025-07-03 01:42:00,2025-08-31 23:56:00,360,59.9
events_part_0006,2025-07-03 07:13:00,2025-08-31 21:21:00,360,59.6
events_part_0007,2025-07-03 01:43:00,2025-08-31 20:28:00,360,59.8
events_part_0008,2025-07-03 04:36:00,2025-08-31 21:34:00,360,59.7
events_part_0009,2025-07-03 07:09:00,2025-08-31 19:00:00,360,59.5
events_part_0010,2025-07-03 11:35:00,2025-08-31 17:43:00,360,59.3
events_part_0011,2025-07-03 03:56:00,2025-08-31 15:58:00,360,59.5
events_part_0012,2025-07-03 01:06:00,2025-08-31 23:00:00,360,59.9
events_part_0013,2025-07-03 05:52:00,2025-08-31 21:59:00,360,59.7
events_part_0014,2025-07-03 08:13:00,2025-08-31 23:48:00,360,59.6
events_part_0015,2025-07-03 00:02:00,2025-08-31 22:08:00,360,59.9
events_part_0016,2025-07-03 07:57:00,2025-08-31 23:22:00,360,59.6
events_part_0017,2025-07-03 00:11:00,2025-08-31 22:05:00,360,59.9
events_part_0018,2025-07-03 02:49:00,2025-08-31 23:51:00,360,59.9
events_part_0019,2025-07-03 01:31:00,2025-08-31 23:35:00,360,59.9
events_part_0020,2025-07-03 01:08:00,2025-08-31 23:26:00,360,59.9
events_part_0021,2025-07-03 00:36:00,2025-08-31 23:35:00,360,60.0
events_part_0022,2025-07-03 00:29:00,2025-08-31 17:32:00,360,59.7
events_part_0023,2025-07-03 06:40:00,2025-08-31 21:54:00,360,59.6
events_part_0024,2025-07-03 13:26:00,2025-08-31 21:27:00,360,59.3
events_part_0025,2025-07-03 03:56:00,2025-08-31 23:15:00,360,59.8
events_part_0026,2025-07-03 03:02:00,2025-08-31 22:01:00,360,59.8
events_part_0027,2025-07-03 01:15:00,2025-08-31 12:38:00,360,59.5
events_part_0028,2025-07-03 00:52:00,2025-08-31 21:00:00,360,59.8
events_part_0029,2025-07-03 02:51:00,2025-08-31 23:20:00,360,59.9
events_part_0030,2025-07-03 04:38:00,2025-08-31 21:27:00,360,59.7
events_part_0031,2025-07-03 03:06:00,2025-08-31 19:10:00,360,59.7
events_part_0032,2025-07-03 02:18:00,2025-08-31 23:44:00,360,59.9
events_part_0033,2025-07-03 00:35:00,2025-08-31 19:17:00,360,59.8
events_part_0034,2025-07-03 01:29:00,2025-08-31 19:01:00,360,59.7
events_part_0035,2025-07-03 02:47:00,2025-08-31 20:07:00,360,59.7
events_part_0036,2025-07-03 00:48:00,2025-08-31 23:33:00,360,59.9
events_part_0037,2025-07-03 05:20:00,2025-08-31 21:26:00,360,59.7
events_part_0038,2025-07-03 20:31:00,2025-08-31 20:34:00,360,59.0
events_part_0039,2025-07-03 08:06:00,2025-08-31 19:41:00,360,59.5
events_part_0040,2025-07-03 01:57:00,2025-08-31 21:48:00,360,59.8
events_part_0041,2025-07-03 01:17:00,2025-08-31 23:46:00,360,59.9
events_part_0042,2025-07-03 01:53:00,2025-08-31 21:32:00,360,59.8
events_part_0043,2025-07-03 01:20:00,2025-08-31 13:04:00,360,59.5
events_part_0044,2025-07-03 01:36:00,2025-08-31 22:09:00,360,59.9
events_part_0045,2025-07-03 01:46:00,2025-08-31 23:01:00,360,59.9
events_part_0046,2025-07-03 00:39:00,2025-08-31 20:34:00,360,59.8
events_part_0047,2025-07-03 01:25:00,2025-08-31 21:02:00,360,59.8
events_part_0048,2025-07-03 05:13:00,2025-08-31 21:12:00,360,59.7
events_part_0049,2025-07-03 00:10:00,2025-08-31 09:35:00,360,59.4
events_part_0050,2025-07-03 00:06:00,2025-08-31 23:35:00,360,60.0
events_part_0051,2025-07-03 02:16:00,2025-08-31 21:58:00,360,59.8
events_part_0052,2025-07-03 04:13:00,2025-08-31 16:02:00,360,59.5
events_part_0053,2025-07-03 01:09:00,2025-08-31 21:31:00,360,59.8
events_part_0054,2025-07-03 01:09:00,2025-08-31 21:14:00,360,59.8
events_part_0055,2025-07-03 02:12:00,2025-08-31 22:45:00,360,59.9
events_part_0056,2025-07-03 02:28:00,2025-08-31 23:18:00,360,59.9
events_part_0057,2025-07-03 05:02:00,2025-08-31 21:54:00,360,59.7
events_part_0058,2025-07-03 11:18:00,2025-08-31 23:37:00,360,59.5
events_part_0059,2025-07-03 01:24:00,2025-08-31 21:42:00,360,59.8
events_part_0060,2025-07-03 02:37:00,2025-08-31 14:34:00,360,59.5
events_part_0061,2025-07-03 16:31:00,2025-08-31 20:20:00,360,59.2
events_part_0062,2025-07-03 00:05:00,2025-08-31 21:21:00,360,59.9
events_part_0063,2025-07-03 05:09:00,2025-08-31 18:30:00,360,59.6
events_part_0064,2025-07-03 00:22:00,2025-08-31 22:54:00,360,59.9
events_part_0065,2025-07-03 00:50:00,2025-08-31 22:53:00,360,59.9
events_part_0066,2025-07-03 00:35:00,2025-08-31 21:53:00,360,59.9
events_part_0067,2025-07-03 01:56:00,2025-08-31 21:40:00,360,59.8
events_part_0068,2025-07-03 01:03:00,2025-08-31 20:36:00,360,59.8
events_part_0069,2025-07-03 05:30:00,2025-08-31 23:30:00,360,59.8
events_part_0070,2025-07-03 02:43:00,2025-08-31 23:35:00,360,59.9
events_part_0071,2025-07-03 00:59:00,2025-08-31 23:44:00,360,59.9
events_part_0072,2025-07-03 04:07:00,2025-08-31 22:04:00,360,59.7
events_part_0073,2025-07-03 01:22:00,2025-08-31 20:40:00,360,59.8
events_part_0074,2025-07-03 01:23:00,2025-08-31 22:27:00,360,59.9
events_part_0075,2025-07-03 00:48:00,2025-08-31 23:15:00,360,59.9
events_part_0076,2025-07-03 00:17:00,2025-08-31 13:25:00,360,59.5
events_part_0077,2025-07-03 02:00:00,2025-08-31 21:34:00,360,59.8
events_part_0078,2025-07-03 01:09:00,2025-08-31 19:50:00,360,59.8
events_part_0079,2025-07-03 01:40:00,2025-08-31 20:44:00,360,59.8
events_part_0080,2025-07-03 02:42:00,2025-08-31 15:58:00,360,59.6
events_part_0081,2025-07-03 00:33:00,2025-08-31 17:46:00,360,59.7
events_part_0082,2025-07-03 00:34:00,2025-08-31 15:18:00,360,59.6
events_part_0083,2025-07-03 01:31:00,2025-08-31 19:45:00,360,59.8
events_part_0084,2025-07-03 01:59:00,2025-08-31 22:22:00,360,59.8
events_part_0085,2025-07-03 19:42:00,2025-08-31 22:55:00,360,59.1
events_part_0086,2025-07-03 03:48:00,2025-08-31 19:08:00,360,59.6
events_part_0087,2025-07-03 05:47:00,2025-08-31 14:20:00,360,59.4
events_part_0088,2025-07-03 06:40:00,2025-08-31 23:07:00,360,59.7
events_part_0089,2025-07-03 09:47:00,2025-08-31 23:42:00,360,59.6
events_part_0090,2025-07-03 02:13:00,2025-08-31 10:28:00,360,59.3
events_part_0091,2025-07-03 12:02:00,2025-08-31 23:47:00,360,59.5
events_part_0092,2025-07-03 02:43:00,2025-08-31 22:14:00,360,59.8
events_part_0093,2025-07-03 02:34:00,2025-08-31 22:58:00,360,59.9
events_part_0094,2025-07-03 01:19:00,2025-08-31 22:02:00,360,59.9
events_part_0095,2025-07-03 12:15:00,2025-08-31 11:38:00,360,59.0
events_part_0096,2025-07-03 01:00:00,2025-08-31 15:20:00,360,59.6
events_part_0097,2025-07-03 04:58:00,2025-08-31 17:09:00,360,59.5
events_part_0098,2025-07-03 07:23:00,2025-08-31 23:50:00,360,59.7
events_part_0099,2025-07-03 00:17:00,2025-08-31 23:41:00,360,60.0
events_part_0100,2025-07-03 02:29:00,2025-08-31 22:45:00,360,59.8
events_part_0101,2025-07-03 00:45:00,2025-08-31 21:38:00,360,59.9
events_part_0102,2025-07-03 00:11:00,2025-08-31 21:29:00,360,59.9
events_part_0103,2025-07-03 02:57:00,2025-08-31 09:45:00,360,59.3
events_part_0104,2025-07-03 05:32:00,2025-08-31 15:15:00,360,59.4
events_part_0105,2025-07-03 00:33:00,2025-08-31 23:58:00,360,60.0
events_part_0106,2025-07-03 11:34:00,2025-08-31 21:23:00,360,59.4
events_part_0107,2025-07-03 03:22:00,2025-08-31 10:33:00,360,59.3
events_part_0108,2025-07-03 00:11:00,2025-08-31 22:51:00,360,59.9
events_part_0109,2025-07-03 03:36:00,2025-08-31 23:36:00,360,59.8
events_part_0110,2025-07-03 07:30:00,2025-08-31 23:19:00,360,59.7
events_part_0111,2025-07-03 00:43:00,2025-08-31 21:53:00,360,59.9
events_part_0112,2025-07-03 14:36:00,2025-08-31 15:36:00,360,59.0
events_part_0113,2025-07-03 08:00:00,2025-08-31 18:23:00,360,59.4
events_part_0114,2025-07-03 10:27:00,2025-08-31 16:06:00,360,59.2
events_part_0115,2025-07-03 05:07:00,2025-08-31 21:04:00,360,59.7
events_part_0116,2025-07-03 03:56:00,2025-08-31 21:52:00,360,59.7
events_part_0117,2025-07-03 01:03:00,2025-08-31 21:52:00,360,59.9
events_part_0118,2025-07-03 02:32:00,2025-08-31 04:48:00,360,59.1
events_part_0119,2025-07-03 00:26:00,2025-08-31 17:24:00,360,59.7
